spectrum_path,asteroid_id,source,class_raw,class_bd,dynamical_group,has_spectrum
DeMeo2009data_gp/a000001.sp41.txt,1,demeo,C,C,main_belt,True
DeMeo2009data_gp/a000002.sp05.txt,2,demeo,B,B,main_belt,True
DeMeo2009data_gp/a000003.sp21.txt,3,demeo,Sq,Sq,main_belt,True
DeMeo2009data_gp/a000004.sp02.txt,4,demeo,V,V,main_belt,True
DeMeo2009data_gp/a000005.sp28.txt,5,demeo,S,S,main_belt,True
DeMeo2009data_gp/a000007.sp28.txt,7,demeo,S,S,main_belt,True
DeMeo2009data_gp/a000008.sp17.txt,8,demeo,Sw,S,main_belt,True
DeMeo2009data_gp/a000010.sp28.txt,10,demeo,C,C,main_belt,True
DeMeo2009data_gp/a000011.sp47.txt,11,demeo,Sq,Sq,main_belt,True
DeMeo2009data_gp/a000013.sp41.txt,13,demeo,Ch,Ch,main_belt,True
DeMeo2009data_gp/a000014.sp25.txt,14,demeo,S,S,main_belt,True
DeMeo2009data_gp/a000015.sp28.txt,15,demeo,K,K,main_belt,True
DeMeo2009data_gp/a000016.sp02.txt,16,demeo,Xk,Xk,main_belt,True
DeMeo2009data_gp/a000017.sp07.txt,17,demeo,S,S,main_belt,True
DeMeo2009data_gp/a000018.sp06.txt,18,demeo,S,S,main_belt,True
DeMeo2009data_gp/a000019.sp49.txt,19,demeo,Ch,Ch,main_belt,True
DeMeo2009data_gp/a000020.sp06.txt,20,demeo,S,S,main_belt,True
DeMeo2009data_gp/a000022.sp55.txt,22,demeo,X,X,main_belt,True
DeMeo2009data_gp/a000024.sp45.txt,24,demeo,C,C,main_belt,True
DeMeo2009data_gp/a000025.sp03.txt,25,demeo,S,S,main_belt,True
DeMeo2009data_gp/a000026.sp08.txt,26,demeo,S,S,main_belt,True
DeMeo2009data_gp/a000027.sp31.txt,27,demeo,S,S,main_belt,True
DeMeo2009data_gp/a000028.sp09.txt,28,demeo,S,S,main_belt,True
DeMeo2009data_gp/a000029.sp03.txt,29,demeo,S,S,main_belt,True
DeMeo2009data_gp/a000030.sp02.txt,30,demeo,S,S,main_belt,True
DeMeo2009data_gp/a000032.sp03.txt,32,demeo,Sw,S,main_belt,True
DeMeo2009data_gp/a000033.sp10.txt,33,demeo,S,S,main_belt,True
DeMeo2009data_gp/a000034.sp28.txt,34,demeo,Ch,Ch,main_belt,True
DeMeo2009data_gp/a000037.sp07.txt,37,demeo,S,S,main_belt,True
DeMeo2009data_gp/a000038.sp23.txt,38,demeo,Cgh,Cgh,main_belt,True
DeMeo2009data_gp/a000039.sp07.txt,39,demeo,Sqw,Sq,main_belt,True
DeMeo2009data_gp/a000040.sp32.txt,40,demeo,S,S,main_belt,True
DeMeo2009data_gp/a000042.sp06.txt,42,demeo,K,K,main_belt,True
DeMeo2009data_gp/a000043.sp48.txt,43,demeo,Sq,Sq,main_belt,True
DeMeo2009data_gp/a000048.sp45.txt,48,demeo,Ch,Ch,main_belt,True
DeMeo2009data_gp/a000049.sp24.txt,49,demeo,Ch,Ch,main_belt,True
DeMeo2009data_gp/a000050.sp23.txt,50,demeo,Ch,Ch,main_belt,True
DeMeo2009data_gp/a000051.sp29.txt,51,demeo,Cgh,Cgh,main_belt,True
DeMeo2009data_gp/a000052.sp52.txt,52,demeo,C,C,main_belt,True
DeMeo2009data_gp/a000055.sp49.txt,55,demeo,Xk,Xk,main_belt,True
DeMeo2009data_gp/a000056.sp31.txt,56,demeo,Xk,Xk,main_belt,True
DeMeo2009data_gp/a000057.sp14.txt,57,demeo,S,S,main_belt,True
DeMeo2009data_gp/a000058.sp24.txt,58,demeo,Ch,Ch,main_belt,True
DeMeo2009data_gp/a000061.sp02.txt,61,demeo,S,S,main_belt,True
DeMeo2009data_gp/a000063.sp25.txt,63,demeo,Sw,S,main_belt,True
DeMeo2009data_gp/a000064.sp03.txt,64,demeo,Xe,Xe,main_belt,True
DeMeo2009data_gp/a000065.sp25.txt,65,demeo,Xk,Xk,main_belt,True
DeMeo2009data_gp/a000066.sp48.txt,66,demeo,Ch,Ch,main_belt,True
DeMeo2009data_gp/a000067.sp29.txt,67,demeo,S,S,main_belt,True
DeMeo2009data_gp/a000069.sp40.txt,69,demeo,Xk,Xk,main_belt,True
DeMeo2009data_gp/a000070.sp18.txt,70,demeo,Cgh,Cgh,main_belt,True
DeMeo2009data_gp/a000073.sp26.txt,73,demeo,S,S,main_belt,True
DeMeo2009data_gp/a000076.sp44.txt,76,demeo,C,C,main_belt,True
DeMeo2009data_gp/a000077.sp55.txt,77,demeo,Xe,Xe,main_belt,True
DeMeo2009data_gp/a000082.sp08.txt,82,demeo,S,S,main_belt,True
DeMeo2009data_gp/a000084.sp24.txt,84,demeo,Ch,Ch,main_belt,True
DeMeo2009data_gp/a000085.sp24.txt,85,demeo,C,C,main_belt,True
DeMeo2009data_gp/a000087.sp44.txt,87,demeo,X,X,main_belt,True
DeMeo2009data_gp/a000090.sp44.txt,90,demeo,C,C,main_belt,True
DeMeo2009data_gp/a000092.sp02.txt,92,demeo,Xk,Xk,main_belt,True
DeMeo2009data_gp/a000093.sp22.txt,93,demeo,C,C,main_belt,True
DeMeo2009data_gp/a000096.sp49.txt,96,demeo,T,T,main_belt,True
DeMeo2009data_gp/a000097.sp45.txt,97,demeo,Xc,Xc,main_belt,True
DeMeo2009data_gp/a000099.sp47.txt,99,demeo,Xk,Xk,main_belt,True
DeMeo2009data_gp/a000101.sp57.txt,101,demeo,S,S,main_belt,True
DeMeo2009data_gp/a000103.sp07.txt,103,demeo,S,S,main_belt,True
DeMeo2009data_gp/a000105.sp24.txt,105,demeo,Ch,Ch,main_belt,True
DeMeo2009data_gp/a000108.sp10.txt,108,demeo,Sw,S,main_belt,True
DeMeo2009data_gp/a000110.sp03.txt,110,demeo,Xk,Xk,main_belt,True
DeMeo2009data_gp/a000114.sp52.txt,114,demeo,K,K,main_belt,True
DeMeo2009data_gp/a000115.sp10.txt,115,demeo,S,S,main_belt,True
DeMeo2009data_gp/a000119.sp06.txt,119,demeo,S,S,main_belt,True
DeMeo2009data_gp/a000128.sp24.txt,128,demeo,C,C,main_belt,True
DeMeo2009data_gp/a000130.sp05.txt,130,demeo,Ch,Ch,main_belt,True
DeMeo2009data_gp/a000131.sp53.txt,131,demeo,K,K,main_belt,True
DeMeo2009data_gp/a000132.sp44.txt,132,demeo,Xe,Xe,main_belt,True
DeMeo2009data_gp/a000133.sp06.txt,133,demeo,S,S,main_belt,True
DeMeo2009data_gp/a000147.sp24.txt,147,demeo,C,C,main_belt,True
DeMeo2009data_gp/a000150.sp24.txt,150,demeo,C,C,main_belt,True
DeMeo2009data_gp/a000151.sp47.txt,151,demeo,Sw,S,main_belt,True
DeMeo2009data_gp/a000153.sp40.txt,153,demeo,X,X,main_belt,True
DeMeo2009data_gp/a000158.sp21.txt,158,demeo,S,S,main_belt,True
DeMeo2009data_gp/a000160.sp23.txt,160,demeo,Xk,Xk,main_belt,True
DeMeo2009data_gp/a000170.sp06.txt,170,demeo,S,S,main_belt,True
DeMeo2009data_gp/a000180.sp18.txt,180,demeo,Sr,Sr,main_belt,True
DeMeo2009data_gp/a000181.sp25.txt,181,demeo,Xk,Xk,main_belt,True
DeMeo2009data_gp/a000188.sp12.txt,188,demeo,S,S,main_belt,True
DeMeo2009data_gp/a000192.sp50.txt,192,demeo,Sw,S,main_belt,True
DeMeo2009data_gp/a000199.sp21.txt,199,demeo,D,D,main_belt,True
DeMeo2009data_gp/a000201.sp28.txt,201,demeo,Xk,Xk,main_belt,True
DeMeo2009data_gp/a000205.sp24.txt,205,demeo,Ch,Ch,main_belt,True
DeMeo2009data_gp/a000210.sp47.txt,210,demeo,Cb,Cb,main_belt,True
DeMeo2009data_gp/a000214.sp33.txt,214,demeo,Cgh,Cgh,main_belt,True
DeMeo2009data_gp/a000216.sp15.txt,216,demeo,Xe,Xe,main_belt,True
DeMeo2009data_gp/a000221.sp02.txt,221,demeo,K,K,main_belt,True
DeMeo2009data_gp/a000226.sp10.txt,226,demeo,S,S,main_belt,True
DeMeo2009data_gp/a000233.sp18.txt,233,demeo,Xk,Xk,main_belt,True
DeMeo2009data_gp/a000234.txt,234,demeo,L,L,main_belt,True
DeMeo2009data_gp/a000236.sp50.txt,236,demeo,L,L,main_belt,True
DeMeo2009data_gp/a000237.sp12.txt,237,demeo,Sr,Sr,main_belt,True
DeMeo2009data_gp/a000243.sp21.txt,243,demeo,Sw,S,main_belt,True
DeMeo2009data_gp/a000244.sp05.txt,244,demeo,Sw,S,main_belt,True
DeMeo2009data_gp/a000246.sp37.txt,246,demeo,A,A,main_belt,True
DeMeo2009data_gp/a000250.sp26.txt,250,demeo,Xk,Xk,main_belt,True
DeMeo2009data_gp/a000258.sp08.txt,258,demeo,S,S,main_belt,True
DeMeo2009data_gp/a000264.sp41.txt,264,demeo,S,S,main_belt,True
DeMeo2009data_gp/a000266.sp44.txt,266,demeo,Ch,Ch,main_belt,True
DeMeo2009data_gp/a000267.sp24.txt,267,demeo,D,D,main_belt,True
DeMeo2009data_gp/a000269.sp40.txt,269,demeo,D,D,main_belt,True
DeMeo2009data_gp/a000278.sp14.txt,278,demeo,S,S,main_belt,True
DeMeo2009data_gp/a000279.sp35.txt,279,demeo,D,D,main_belt,True
DeMeo2009data_gp/a000288.sp18.txt,288,demeo,S,S,main_belt,True
DeMeo2009data_gp/a000289.sp01.txt,289,demeo,A,A,main_belt,True
DeMeo2009data_gp/a000295.sp18.txt,295,demeo,Sw,S,main_belt,True
DeMeo2009data_gp/a000308.sp39.txt,308,demeo,T,T,main_belt,True
DeMeo2009data_gp/a000322.sp18.txt,322,demeo,D,D,main_belt,True
DeMeo2009data_gp/a000337.sp18.txt,337,demeo,Xk,Xk,main_belt,True
DeMeo2009data_gp/a000345.sp45.txt,345,demeo,Ch,Ch,main_belt,True
DeMeo2009data_gp/a000346.sp14.txt,346,demeo,S,S,main_belt,True
DeMeo2009data_gp/a000349.sp06.txt,349,demeo,R,R,main_belt,True
DeMeo2009data_gp/a000352.sp06.txt,352,demeo,Sw,S,main_belt,True
DeMeo2009data_gp/a000354.sp12.txt,354,demeo,A,A,main_belt,True
DeMeo2009data_gp/a000359.sp03.txt,359,demeo,Xk,Xk,main_belt,True
DeMeo2009data_gp/a000371.sp07.txt,371,demeo,S,S,main_belt,True
DeMeo2009data_gp/a000378.sp12.txt,378,demeo,S,S,main_belt,True
DeMeo2009data_gp/a000387.sp22.txt,387,demeo,L,L,main_belt,True
DeMeo2009data_gp/a000389.sp08.txt,389,demeo,S,S,main_belt,True
DeMeo2009data_gp/a000403.sp22.txt,403,demeo,S,S,main_belt,True
DeMeo2009data_gp/a000433.sp16.txt,433,demeo,Sw,S,main_belt,True
DeMeo2009data_gp/a000434.sp08.txt,434,demeo,Xe,Xe,main_belt,True
DeMeo2009data_gp/a000444.sp07.txt,444,demeo,C,C,main_belt,True
DeMeo2009data_gp/a000446.sp07.txt,446,demeo,A,A,main_belt,True
DeMeo2009data_gp/a000453.sp07.txt,453,demeo,Sw,S,main_belt,True
DeMeo2009data_gp/a000456.sp15.txt,456,demeo,S,S,main_belt,True
DeMeo2009data_gp/a000460.sp15.txt,460,demeo,L,L,main_belt,True
DeMeo2009data_gp/a000485.sp10.txt,485,demeo,S,S,main_belt,True
DeMeo2009data_gp/a000512.sp32.txt,512,demeo,Sqw,Sq,main_belt,True
DeMeo2009data_gp/a000513.sp05.txt,513,demeo,K,K,main_belt,True
DeMeo2009data_gp/a000532.sp06.txt,532,demeo,S,S,main_belt,True
DeMeo2009data_gp/a000570.sp28.txt,570,demeo,D,D,main_belt,True
DeMeo2009data_gp/a000596.sp14.txt,596,demeo,T,T,main_belt,True
DeMeo2009data_gp/a000599.sp04.txt,599,demeo,L,L,main_belt,True
DeMeo2009data_gp/a000606.sp18.txt,606,demeo,L,L,main_belt,True
DeMeo2009data_gp/a000625.sp04.txt,625,demeo,Sw,S,main_belt,True
DeMeo2009data_gp/a000631.sp18.txt,631,demeo,S,S,main_belt,True
DeMeo2009data_gp/a000661.sp21.txt,661,demeo,K,K,main_belt,True
DeMeo2009data_gp/a000670.sp18.txt,670,demeo,S,S,main_belt,True
DeMeo2009data_gp/a000673.sp06.txt,673,demeo,L,L,main_belt,True
DeMeo2009data_gp/a000675.sp12.txt,675,demeo,Sw,S,main_belt,True
DeMeo2009data_gp/a000679.sp04.txt,679,demeo,L,L,main_belt,True
DeMeo2009data_gp/a000688.sp18.txt,688,demeo,C,C,main_belt,True
DeMeo2009data_gp/a000699.sp35.txt,699,demeo,S,S,main_belt,True
DeMeo2009data_gp/a000706.sp49.txt,706,demeo,Cgh,Cgh,main_belt,True
DeMeo2009data_gp/a000716.sp08.txt,716,demeo,S,S,main_belt,True
DeMeo2009data_gp/a000719.sp08.txt,719,demeo,S,S,main_belt,True
DeMeo2009data_gp/a000720.sp02.txt,720,demeo,Sq,Sq,main_belt,True
DeMeo2009data_gp/a000729.sp07.txt,729,demeo,L,L,main_belt,True
DeMeo2009data_gp/a000739.sp18.txt,739,demeo,Xc,Xc,main_belt,True
DeMeo2009data_gp/a000742.sp21.txt,742,demeo,K,K,main_belt,True
DeMeo2009data_gp/a000773.sp31.txt,773,demeo,T,T,main_belt,True
DeMeo2009data_gp/a000776.sp38.txt,776,demeo,Cgh,Cgh,main_belt,True
DeMeo2009data_gp/a000782.sp06.txt,782,demeo,Sw,S,main_belt,True
DeMeo2009data_gp/a000785.sp41.txt,785,demeo,Cb,Cb,main_belt,True
DeMeo2009data_gp/a000789.sp16.txt,789,demeo,Xk,Xk,main_belt,True
DeMeo2009data_gp/a000793.sp18.txt,793,demeo,S,S,main_belt,True
DeMeo2009data_gp/a000808.sp07.txt,808,demeo,Sr,Sr,main_belt,True
DeMeo2009data_gp/a000824.sp07.txt,824,demeo,L,L,main_belt,True
DeMeo2009data_gp/a000832.sp23.txt,832,demeo,S,S,main_belt,True
DeMeo2009data_gp/a000847.sp04.txt,847,demeo,S,S,main_belt,True
DeMeo2009data_gp/a000863.sp09.txt,863,demeo,A,A,main_belt,True
DeMeo2009data_gp/a000908.sp53.txt,908,demeo,D,D,main_belt,True
DeMeo2009data_gp/a000913.sp07.txt,913,demeo,Sw,S,main_belt,True
DeMeo2009data_gp/a000925.sp18.txt,925,demeo,S,S,main_belt,True
DeMeo2009data_gp/a000929.sp06.txt,929,demeo,S,S,main_belt,True
DeMeo2009data_gp/a000944.sp31.txt,944,demeo,D,D,main_belt,True
DeMeo2009data_gp/a000984.sp18.txt,984,demeo,Sa,Sa,main_belt,True
DeMeo2009data_gp/a000985.sp40.txt,985,demeo,S,S,main_belt,True
DeMeo2009data_gp/a001011.sp09.txt,1011,demeo,Sw,S,main_belt,True
DeMeo2009data_gp/a001020.sp21.txt,1020,demeo,Sr,Sr,main_belt,True
DeMeo2009data_gp/a001036.sp37.txt,1036,demeo,S,S,main_belt,True
DeMeo2009data_gp/a001065.sp37.txt,1065,demeo,S,S,main_belt,True
DeMeo2009data_gp/a001094.sp21.txt,1094,demeo,Xk,Xk,main_belt,True
DeMeo2009data_gp/a001126.sp04.txt,1126,demeo,Sw,S,main_belt,True
DeMeo2009data_gp/a001131.sp40.txt,1131,demeo,S,S,main_belt,True
DeMeo2009data_gp/a001139.sp44.txt,1139,demeo,Sw,S,main_belt,True
DeMeo2009data_gp/a001143.sp42.txt,1143,demeo,D,D,main_belt,True
DeMeo2009data_gp/a001147.sp07.txt,1147,demeo,Sw,S,main_belt,True
DeMeo2009data_gp/a001148.sp05.txt,1148,demeo,K,K,main_belt,True
DeMeo2009data_gp/a001198.sp19.txt,1198,demeo,Sw,S,main_belt,True
DeMeo2009data_gp/a001204.sp37.txt,1204,demeo,Sw,S,main_belt,True
DeMeo2009data_gp/a001228.sp21.txt,1228,demeo,Sr,Sr,main_belt,True
DeMeo2009data_gp/a001300.sp55.txt,1300,demeo,Cgh,Cgh,main_belt,True
DeMeo2009data_gp/a001329.sp16.txt,1329,demeo,Sqw,Sq,main_belt,True
DeMeo2009data_gp/a001332.sp42.txt,1332,demeo,L,L,main_belt,True
DeMeo2009data_gp/a001350.sp06.txt,1350,demeo,S,S,main_belt,True
DeMeo2009data_gp/a001374.sp28.txt,1374,demeo,Sq,Sq,main_belt,True
DeMeo2009data_gp/a001433.sp16.txt,1433,demeo,S,S,main_belt,True
DeMeo2009data_gp/a001459.sp04.txt,1459,demeo,Vw,V,main_belt,True
DeMeo2009data_gp/a001471.sp45.txt,1471,demeo,D,D,main_belt,True
DeMeo2009data_gp/a001494.sp55.txt,1494,demeo,Sqw,Sq,main_belt,True
DeMeo2009data_gp/a001542.sp39.txt,1542,demeo,D,D,main_belt,True
DeMeo2009data_gp/a001565.sp36.txt,1565,demeo,S,S,main_belt,True
DeMeo2009data_gp/a001620.sp03.txt,1620,demeo,S,S,main_belt,True
DeMeo2009data_gp/a001640.sp37.txt,1640,demeo,S,S,main_belt,True
DeMeo2009data_gp/a001642.sp07.txt,1642,demeo,S,S,main_belt,True
DeMeo2009data_gp/a001658.sp03.txt,1658,demeo,Sw,S,main_belt,True
DeMeo2009data_gp/a001659.sp11.txt,1659,demeo,S,S,main_belt,True
DeMeo2009data_gp/a001660.sp37.txt,1660,demeo,S,S,main_belt,True
DeMeo2009data_gp/a001662.sp21.txt,1662,demeo,Sr,Sr,main_belt,True
DeMeo2009data_gp/a001667.sp19.txt,1667,demeo,Sw,S,main_belt,True
DeMeo2009data_gp/a001685.sp37.txt,1685,demeo,Sq,Sq,main_belt,True
DeMeo2009data_gp/a001751.sp06.txt,1751,demeo,S,S,main_belt,True
DeMeo2009data_gp/a001807.sp30.txt,1807,demeo,Sqw,Sq,main_belt,True
DeMeo2009data_gp/a001839.sp05.txt,1839,demeo,S,S,main_belt,True
DeMeo2009data_gp/a001848.sp07.txt,1848,demeo,S,S,main_belt,True
DeMeo2009data_gp/a001858.sp12.txt,1858,demeo,S,S,main_belt,True
DeMeo2009data_gp/a001862.sp47.txt,1862,demeo,Q,Q,main_belt,True
DeMeo2009data_gp/a001864.sp05.txt,1864,demeo,Sq,Sq,main_belt,True
DeMeo2009data_gp/a001866.sp56.txt,1866,demeo,Sw,S,main_belt,True
DeMeo2009data_gp/a001903.sp21.txt,1903,demeo,K,K,main_belt,True
DeMeo2009data_gp/a001904.sp01.txt,1904,demeo,V,V,main_belt,True
DeMeo2009data_gp/a001916.sp07.txt,1916,demeo,Sw,S,main_belt,True
DeMeo2009data_gp/a001929.sp04.txt,1929,demeo,V,V,main_belt,True
DeMeo2009data_gp/a001943.sp09.txt,1943,demeo,Sw,S,main_belt,True
DeMeo2009data_gp/a001980.sp55.txt,1980,demeo,Sw,S,main_belt,True
DeMeo2009data_gp/a002035.sp19.txt,2035,demeo,Xe,Xe,main_belt,True
DeMeo2009data_gp/a002042.sp08.txt,2042,demeo,Sr,Sr,main_belt,True
DeMeo2009data_gp/a002045.sp09.txt,2045,demeo,V,V,main_belt,True
DeMeo2009data_gp/a002063.sp41.txt,2063,demeo,Sq,Sq,main_belt,True
DeMeo2009data_gp/a002064.sp52.txt,2064,demeo,Sqw,Sq,main_belt,True
DeMeo2009data_gp/a002074.sp25.txt,2074,demeo,Sw,S,main_belt,True
DeMeo2009data_gp/a002085.sp12.txt,2085,demeo,L,L,main_belt,True
DeMeo2009data_gp/a002099.sp45.txt,2099,demeo,Ch,Ch,main_belt,True
DeMeo2009data_gp/a002107.sp49.txt,2107,demeo,Sw,S,main_belt,True
DeMeo2009data_gp/a002157.sp21.txt,2157,demeo,S,S,main_belt,True
DeMeo2009data_gp/a002246.sp39.txt,2246,demeo,D,D,main_belt,True
DeMeo2009data_gp/a002335.sp46.txt,2335,demeo,S,S,main_belt,True
DeMeo2009data_gp/a002353.sp14.txt,2353,demeo,S,S,main_belt,True
DeMeo2009data_gp/a002354.sp21.txt,2354,demeo,L,L,main_belt,True
DeMeo2009data_gp/a002378.sp40.txt,2378,demeo,Cgh,Cgh,main_belt,True
DeMeo2009data_gp/a002386.sp15.txt,2386,demeo,S,S,main_belt,True
DeMeo2009data_gp/a002396.sp07.txt,2396,demeo,S,S,main_belt,True
DeMeo2009data_gp/a002401.sp16.txt,2401,demeo,S,S,main_belt,True
DeMeo2009data_gp/a002442.sp17.txt,2442,demeo,V,V,main_belt,True
DeMeo2009data_gp/a002448.sp21.txt,2448,demeo,L,L,main_belt,True
DeMeo2009data_gp/a002501.sp09.txt,2501,demeo,A,A,main_belt,True
DeMeo2009data_gp/a002504.sp22.txt,2504,demeo,Sr,Sr,main_belt,True
DeMeo2009data_gp/a002521.sp09.txt,2521,demeo,S,S,main_belt,True
DeMeo2009data_gp/a002566.sp17.txt,2566,demeo,V,V,main_belt,True
DeMeo2009data_gp/a002579.sp02.txt,2579,demeo,V,V,main_belt,True
DeMeo2009data_gp/a002715.sp07.txt,2715,demeo,Sw,S,main_belt,True
DeMeo2009data_gp/a002732.sp07.txt,2732,demeo,L,L,main_belt,True
DeMeo2009data_gp/a002851.sp08.txt,2851,demeo,V,V,main_belt,True
DeMeo2009data_gp/a002873.sp09.txt,2873,demeo,Sq,Sq,main_belt,True
DeMeo2009data_gp/a002875.sp11.txt,2875,demeo,S,S,main_belt,True
DeMeo2009data_gp/a002911.sp21.txt,2911,demeo,Sw,S,main_belt,True
DeMeo2009data_gp/a002912.sp04.txt,2912,demeo,V,V,main_belt,True
DeMeo2009data_gp/a002957.sp21.txt,2957,demeo,K,K,main_belt,True
DeMeo2009data_gp/a002965.sp40.txt,2965,demeo,Sv,Sv,main_belt,True
DeMeo2009data_gp/a002977.sp18.txt,2977,demeo,S,S,main_belt,True
DeMeo2009data_gp/a003028.sp17.txt,3028,demeo,K,K,main_belt,True
DeMeo2009data_gp/a003102.sp02.txt,3102,demeo,Sqw,Sq,main_belt,True
DeMeo2009data_gp/a003103.sp06.txt,3103,demeo,Xe,Xe,main_belt,True
DeMeo2009data_gp/a003122.sp27.txt,3122,demeo,Sqw,Sq,main_belt,True
DeMeo2009data_gp/a003155.sp06.txt,3155,demeo,V,V,main_belt,True
DeMeo2009data_gp/a003198.sp40.txt,3198,demeo,Sqw,Sq,main_belt,True
DeMeo2009data_gp/a003199.sp36.txt,3199,demeo,K,K,main_belt,True
DeMeo2009data_gp/a003200.sp34.txt,3200,demeo,B,B,main_belt,True
DeMeo2009data_gp/a003248.sp39.txt,3248,demeo,D,D,main_belt,True
DeMeo2009data_gp/a003255.sp17.txt,3255,demeo,S,S,main_belt,True
DeMeo2009data_gp/a003317.sp50.txt,3317,demeo,D,D,main_belt,True
DeMeo2009data_gp/a003363.sp12.txt,3363,demeo,Sr,Sr,main_belt,True
DeMeo2009data_gp/a003395.sp04.txt,3395,demeo,S,S,main_belt,True
DeMeo2009data_gp/a003402.sp25.txt,3402,demeo,S,S,main_belt,True
DeMeo2009data_gp/a003430.sp15.txt,3430,demeo,S,S,main_belt,True
DeMeo2009data_gp/a003491.sp15.txt,3491,demeo,S,S,main_belt,True
DeMeo2009data_gp/a003511.sp12.txt,3511,demeo,Srw,Sr,main_belt,True
DeMeo2009data_gp/a003628.sp50.txt,3628,demeo,O,O,main_belt,True
DeMeo2009data_gp/a003635.sp47.txt,3635,demeo,Srw,Sr,main_belt,True
DeMeo2009data_gp/a003701.sp07.txt,3701,demeo,S,S,main_belt,True
DeMeo2009data_gp/a003734.sp08.txt,3734,demeo,L,L,main_belt,True
DeMeo2009data_gp/a003753.sp45.txt,3753,demeo,Q,Q,main_belt,True
DeMeo2009data_gp/a003788.sp21.txt,3788,demeo,S,S,main_belt,True
DeMeo2009data_gp/a003844.sp22.txt,3844,demeo,L,L,main_belt,True
DeMeo2009data_gp/a003858.sp28.txt,3858,demeo,Srw,Sr,main_belt,True
DeMeo2009data_gp/a003873.sp19.txt,3873,demeo,Sw,S,main_belt,True
DeMeo2009data_gp/a003903.sp17.txt,3903,demeo,S,S,main_belt,True
DeMeo2009data_gp/a003908.sp30.txt,3908,demeo,V,V,main_belt,True
DeMeo2009data_gp/a003910.sp16.txt,3910,demeo,S,S,main_belt,True
DeMeo2009data_gp/a003920.sp17.txt,3920,demeo,Sqw,Sq,main_belt,True
DeMeo2009data_gp/a003949.sp08.txt,3949,demeo,Sq,Sq,main_belt,True
DeMeo2009data_gp/a004038.sp19.txt,4038,demeo,Vw,V,main_belt,True
DeMeo2009data_gp/a004055.sp38.txt,4055,demeo,V,V,main_belt,True
DeMeo2009data_gp/a004179.sp30.txt,4179,demeo,Sq,Sq,main_belt,True
DeMeo2009data_gp/a004188.sp07.txt,4188,demeo,V,V,main_belt,True
DeMeo2009data_gp/a004197.sp25.txt,4197,demeo,Sq,Sq,main_belt,True
DeMeo2009data_gp/a004352.sp15.txt,4352,demeo,S,S,main_belt,True
DeMeo2009data_gp/a004407.sp08.txt,4407,demeo,Sqw,Sq,main_belt,True
DeMeo2009data_gp/a004417.sp08.txt,4417,demeo,Sw,S,main_belt,True
DeMeo2009data_gp/a004451.sp09.txt,4451,demeo,Svw,Sv,main_belt,True
DeMeo2009data_gp/a004558.sp29.txt,4558,demeo,Sr,Sr,main_belt,True
DeMeo2009data_gp/a004570.sp06.txt,4570,demeo,Sw,S,main_belt,True
DeMeo2009data_gp/a004688.sp03.txt,4688,demeo,Q,Q,main_belt,True
DeMeo2009data_gp/a004713.sp12.txt,4713,demeo,Sw,S,main_belt,True
DeMeo2009data_gp/a004737.sp15.txt,4737,demeo,L,L,main_belt,True
DeMeo2009data_gp/a004995.sp19.txt,4995,demeo,S,S,main_belt,True
DeMeo2009data_gp/a005013.sp09.txt,5013,demeo,Sw,S,main_belt,True
DeMeo2009data_gp/a005111.sp44.txt,5111,demeo,V,V,main_belt,True
DeMeo2009data_gp/a005143.sp55.txt,5143,demeo,Q,Q,main_belt,True
DeMeo2009data_gp/a005230.sp44.txt,5230,demeo,S,S,main_belt,True
DeMeo2009data_gp/a005261.sp41.txt,5261,demeo,Sa,Sa,main_belt,True
DeMeo2009data_gp/a005379.sp51.txt,5379,demeo,Sr,Sr,main_belt,True
DeMeo2009data_gp/a005401.sp21.txt,5401,demeo,Sw,S,main_belt,True
DeMeo2009data_gp/a005407.sp09.txt,5407,demeo,S,S,main_belt,True
DeMeo2009data_gp/a005587.sp05.txt,5587,demeo,Sr,Sr,main_belt,True
DeMeo2009data_gp/a005604.sp05.txt,5604,demeo,V,V,main_belt,True
DeMeo2009data_gp/a005641.sp38.txt,5641,demeo,Sw,S,main_belt,True
DeMeo2009data_gp/a005660.sp43.txt,5660,demeo,Q,Q,main_belt,True
DeMeo2009data_gp/a005685.sp05.txt,5685,demeo,S,S,main_belt,True
DeMeo2009data_gp/a005817.sp31.txt,5817,demeo,Sr,Sr,main_belt,True
DeMeo2009data_gp/a005840.sp08.txt,5840,demeo,L,L,main_belt,True
DeMeo2009data_gp/a006047.sp45.txt,6047,demeo,S,S,main_belt,True
DeMeo2009data_gp/a006239.sp27.txt,6239,demeo,Sqw,Sq,main_belt,True
DeMeo2009data_gp/a006386.sp36.txt,6386,demeo,S,S,main_belt,True
DeMeo2009data_gp/a006411.sp28.txt,6411,demeo,B,B,main_belt,True
DeMeo2009data_gp/a006455.sp19.txt,6455,demeo,Srw,Sr,main_belt,True
DeMeo2009data_gp/a006585.sp55.txt,6585,demeo,S,S,main_belt,True
DeMeo2009data_gp/a007341.sp11.txt,7341,demeo,Q,Q,main_belt,True
DeMeo2009data_gp/a007763.sp14.txt,7763,demeo,L,L,main_belt,True
DeMeo2009data_gp/a008334.sp21.txt,8334,demeo,S,S,main_belt,True
DeMeo2009data_gp/a008444.sp25.txt,8444,demeo,S,S,main_belt,True
DeMeo2009data_gp/a017274.sp02.txt,17274,demeo,D,D,main_belt,True
DeMeo2009data_gp/a018736.sp03.txt,18736,demeo,Sw,S,main_belt,True
DeMeo2009data_gp/a019127.sp25.txt,19127,demeo,Srw,Sr,main_belt,True
DeMeo2009data_gp/a019356.sp03.txt,19356,demeo,Sq,Sq,main_belt,True
DeMeo2009data_gp/a020786.sp25.txt,20786,demeo,Sq,Sq,main_belt,True
DeMeo2009data_gp/a020790.sp03.txt,20790,demeo,S,S,main_belt,True
DeMeo2009data_gp/a022771.sp26.txt,22771,demeo,S,S,main_belt,True
DeMeo2009data_gp/a024475.sp05.txt,24475,demeo,Sw,S,main_belt,True
DeMeo2009data_gp/a025330.sp19.txt,25330,demeo,Xk,Xk,main_belt,True
DeMeo2009data_gp/a035107.sp20.txt,35107,demeo,Sq,Sq,main_belt,True
DeMeo2009data_gp/a036284.sp11.txt,36284,demeo,K,K,main_belt,True
DeMeo2009data_gp/a053435.sp55.txt,53435,demeo,Srw,Sr,main_belt,True
DeMeo2009data_gp/a054690.sp05.txt,54690,demeo,S,S,main_belt,True
DeMeo2009data_gp/a066146.sp25.txt,66146,demeo,Q,Q,main_belt,True
DeMeo2009data_gp/a086450.sp03.txt,86450,demeo,L,L,main_belt,True
DeMeo2009data_gp/a086819.sp02.txt,86819,demeo,Sq,Sq,main_belt,True
DeMeo2009data_gp/a089355.sp12.txt,89355,demeo,Sr,Sr,main_belt,True
DeMeo2009data_gp/a098943.sp33.txt,98943,demeo,Sw,S,main_belt,True
DeMeo2009data_gp/a099907.sp19.txt,99907,demeo,Sr,Sr,main_belt,True
DeMeo2009data_gp/a137062.sp19.txt,137062,demeo,Sr,Sr,main_belt,True
DeMeo2009data_gp/a138258.sp11.txt,138258,demeo,Sq,Sq,main_belt,True
DeMeo2009data_gp/a162058.sp26.txt,162058,demeo,Q,Q,main_belt,True
DeMeo2009data_gp/a162781.sp03.txt,162781,demeo,S,S,main_belt,True
DeMeo2009data_gp/au2000PG3.sp01.txt,2000PG3,demeo,D,D,main_belt,True
DeMeo2009data_gp/au2002AV.sp09.txt,2002AV,demeo,S,S,main_belt,True
Binzel2019data_gp/a000887.visnir.txt,887,binzel,Xk,Xk,mars_crosser,True
Binzel2019data_gp/a001310.visnir.txt,1310,binzel,S,S,mars_crosser,True
Binzel2019data_gp/a001468.visnir.txt,1468,binzel,V,V,mars_crosser,True
Binzel2019data_gp/a001566.visnir.txt,1566,binzel,Q,Q,mars_crosser,True
Binzel2019data_gp/a001580.visnir.txt,1580,binzel,L,L,mars_crosser,True
Binzel2019data_gp/a001580.visnir_xth.txt,1580,binzel,L,L,mars_crosser,True
Binzel2019data_gp/a001627.visnir.txt,1627,binzel,S,S,mars_crosser,True
Binzel2019data_gp/a001747.visnir.txt,1747,binzel,S,S,mars_crosser,True
Binzel2019data_gp/a001865.visnir.txt,1865,binzel,S,S,mars_crosser,True
Binzel2019data_gp/a001917.visnir.txt,1917,binzel,S,S,mars_crosser,True
Binzel2019data_gp/a001951.visnir.txt,1951,binzel,A,A,mars_crosser,True
Binzel2019data_gp/a001981.visnir.txt,1981,binzel,V,V,mars_crosser,True
Binzel2019data_gp/a002078.visnir.txt,2078,binzel,S,S,mars_crosser,True
Binzel2019data_gp/a002100.visnir.txt,2100,binzel,B,B,mars_crosser,True
Binzel2019data_gp/a002102.visnir.txt,2102,binzel,Sr,Sr,mars_crosser,True
Binzel2019data_gp/a002201.visnir.txt,2201,binzel,Ch,Ch,mars_crosser,True
Binzel2019data_gp/a002212.visnir.txt,2212,binzel,Sq,Sq,mars_crosser,True
Binzel2019data_gp/a002340.visnir.txt,2340,binzel,Q,Q,mars_crosser,True
Binzel2019data_gp/a002449.visnir.txt,2449,binzel,Xc,Xc,mars_crosser,True
Binzel2019data_gp/a003288.visnir.txt,3288,binzel,S,S,mars_crosser,True
Binzel2019data_gp/a003352.visnir.txt,3352,binzel,S,S,mars_crosser,True
Binzel2019data_gp/a003361.visnir.txt,3361,binzel,Q,Q,mars_crosser,True
Binzel2019data_gp/a003552.visnir.txt,3552,binzel,D,D,mars_crosser,True
Binzel2019data_gp/a003552.visnir_xth.txt,3552,binzel,D,D,mars_crosser,True
Binzel2019data_gp/a003554.visnir.txt,3554,binzel,T,T,mars_crosser,True
Binzel2019data_gp/a003671.visnir.txt,3671,binzel,Cgh,Cgh,mars_crosser,True
Binzel2019data_gp/a003674.visnir.txt,3674,binzel,S,S,mars_crosser,True
Binzel2019data_gp/a003691.visnir.txt,3691,binzel,Cgh,Cgh,mars_crosser,True
Binzel2019data_gp/a003833.visnir.txt,3833,binzel,Ch,Ch,mars_crosser,True
Binzel2019data_gp/a003988.visnir.txt,3988,binzel,S,S,mars_crosser,True
Binzel2019data_gp/a004015.visnir.txt,4015,binzel,B,B,mars_crosser,True
Binzel2019data_gp/a004142.visnir.txt,4142,binzel,D,D,mars_crosser,True
Binzel2019data_gp/a004183.visnir.txt,4183,binzel,Q,Q,mars_crosser,True
Binzel2019data_gp/a004486.visnir.txt,4486,binzel,Sq,Sq,mars_crosser,True
Binzel2019data_gp/a004587.visnir.txt,4587,binzel,Sr,Sr,mars_crosser,True
Binzel2019data_gp/a004953.visnir.txt,4953,binzel,Sq,Sq,mars_crosser,True
Binzel2019data_gp/a004954.visnir.txt,4954,binzel,Sr,Sr,mars_crosser,True
Binzel2019data_gp/a005011.visnir.txt,5011,binzel,Q,Q,mars_crosser,True
Binzel2019data_gp/a005131.visnir.txt,5131,binzel,Sq,Sq,mars_crosser,True
Binzel2019data_gp/a005392.visnir.txt,5392,binzel,S,S,mars_crosser,True
Binzel2019data_gp/a005626.visnir.txt,5626,binzel,S,S,mars_crosser,True
Binzel2019data_gp/a005645.visnir.txt,5645,binzel,L,L,mars_crosser,True
Binzel2019data_gp/a005693.visnir.txt,5693,binzel,Sq,Sq,mars_crosser,True
Binzel2019data_gp/a005786.visnir.txt,5786,binzel,Q,Q,mars_crosser,True
Binzel2019data_gp/a005836.visnir.txt,5836,binzel,S,S,mars_crosser,True
Binzel2019data_gp/a006037.visnir.txt,6037,binzel,Q,Q,mars_crosser,True
Binzel2019data_gp/a006611.visnir.txt,6611,binzel,V,V,mars_crosser,True
Binzel2019data_gp/a007304.visnir.txt,7304,binzel,S,S,mars_crosser,True
Binzel2019data_gp/a007336.visnir.txt,7336,binzel,Q,Q,mars_crosser,True
Binzel2019data_gp/a007358.visnir.txt,7358,binzel,Sq,Sq,mars_crosser,True
Binzel2019data_gp/a007482.visnir.txt,7482,binzel,S,S,mars_crosser,True
Binzel2019data_gp/a007753.visnir.txt,7753,binzel,C,C,mars_crosser,True
Binzel2019data_gp/a007753.visnir_xth.txt,7753,binzel,C,C,mars_crosser,True
Binzel2019data_gp/a007888.visnir.txt,7888,binzel,S,S,mars_crosser,True
Binzel2019data_gp/a007889.visnir.txt,7889,binzel,V,V,mars_crosser,True
Binzel2019data_gp/a008566.visnir.txt,8566,binzel,V,V,mars_crosser,True
Binzel2019data_gp/a008567.visnir.txt,8567,binzel,Q,Q,mars_crosser,True
Binzel2019data_gp/a009400.visnir.txt,9400,binzel,S,S,mars_crosser,True
Binzel2019data_gp/a010115.visnir.txt,10115,binzel,S,S,mars_crosser,True
Binzel2019data_gp/a010145.visnir.txt,10145,binzel,Sq,Sq,mars_crosser,True
Binzel2019data_gp/a010302.visnir.txt,10302,binzel,Cgh,Cgh,mars_crosser,True
Binzel2019data_gp/a011066.visnir.txt,11066,binzel,S,S,mars_crosser,True
Binzel2019data_gp/a011398.visnir.txt,11398,binzel,Sr,Sr,mars_crosser,True
Binzel2019data_gp/a011405.visnir.txt,11405,binzel,K,K,mars_crosser,True
Binzel2019data_gp/a012711.visnir.txt,12711,binzel,Sq,Sq,mars_crosser,True
Binzel2019data_gp/a014402.visnir.txt,14402,binzel,Ch,Ch,mars_crosser,True
Binzel2019data_gp/a015745.visnir.txt,15745,binzel,S,S,mars_crosser,True
Binzel2019data_gp/a016834.visnir.txt,16834,binzel,S,S,mars_crosser,True
Binzel2019data_gp/a016960.visnir.txt,16960,binzel,S,S,mars_crosser,True
Binzel2019data_gp/a017511.visnir.txt,17511,binzel,B,B,mars_crosser,True
Binzel2019data_gp/a018882.visnir.txt,18882,binzel,S,S,mars_crosser,True
Binzel2019data_gp/a019764.visnir.txt,19764,binzel,Sq,Sq,mars_crosser,True
Binzel2019data_gp/a021088.visnir.txt,21088,binzel,S,S,mars_crosser,True
Binzel2019data_gp/a022753.visnir.txt,22753,binzel,Sq,Sq,mars_crosser,True
Binzel2019data_gp/a024445.visnir.txt,24445,binzel,Sr,Sr,mars_crosser,True
Binzel2019data_gp/a024761.visnir.txt,24761,binzel,Cb,Cb,mars_crosser,True
Binzel2019data_gp/a025143.visnir.txt,25143,binzel,Sq,Sq,mars_crosser,True
Binzel2019data_gp/a025916.visnir.txt,25916,binzel,S,S,mars_crosser,True
Binzel2019data_gp/a026760.visnir.txt,26760,binzel,Sq,Sq,mars_crosser,True
Binzel2019data_gp/a026760.visnir_xth.txt,26760,binzel,Sq,Sq,mars_crosser,True
Binzel2019data_gp/a029075.visnir.txt,29075,binzel,L,L,mars_crosser,True
Binzel2019data_gp/a030825.visnir.txt,30825,binzel,Sq,Sq,mars_crosser,True
Binzel2019data_gp/a032906.visnir.txt,32906,binzel,S,S,mars_crosser,True
Binzel2019data_gp/a033342.visnir.txt,33342,binzel,Sr,Sr,mars_crosser,True
Binzel2019data_gp/a033881.visnir.txt,33881,binzel,V,V,mars_crosser,True
Binzel2019data_gp/a037336.visnir.txt,37336,binzel,S,S,mars_crosser,True
Binzel2019data_gp/a039572.visnir.txt,39572,binzel,Q,Q,mars_crosser,True
Binzel2019data_gp/a052340.visnir.txt,52340,binzel,Q,Q,mars_crosser,True
Binzel2019data_gp/a052760.visnir.txt,52760,binzel,Sq,Sq,mars_crosser,True
Binzel2019data_gp/a052762.visnir.txt,52762,binzel,C,C,mars_crosser,True
Binzel2019data_gp/a052762.visnir_xth.txt,52762,binzel,C,C,mars_crosser,True
Binzel2019data_gp/a052768.visnir.txt,52768,binzel,Cgh,Cgh,mars_crosser,True
Binzel2019data_gp/a053319.visnir.txt,53319,binzel,C,C,mars_crosser,True
Binzel2019data_gp/a053319.visnir_xth.txt,53319,binzel,C,C,mars_crosser,True
Binzel2019data_gp/a054789.visnir.txt,54789,binzel,L,L,mars_crosser,True
Binzel2019data_gp/a063164.visnir.txt,63164,binzel,Q,Q,mars_crosser,True
Binzel2019data_gp/a065679.visnir.txt,65679,binzel,C,C,mars_crosser,True
Binzel2019data_gp/a065996.visnir.txt,65996,binzel,C,C,mars_crosser,True
Binzel2019data_gp/a065996.visnir_xth.txt,65996,binzel,C,C,mars_crosser,True
Binzel2019data_gp/a066063.visnir.txt,66063,binzel,Sq,Sq,mars_crosser,True
Binzel2019data_gp/a066251.visnir.txt,66251,binzel,D,D,mars_crosser,True
Binzel2019data_gp/a068216.visnir.txt,68216,binzel,S,S,mars_crosser,True
Binzel2019data_gp/a068359.visnir.txt,68359,binzel,S,S,mars_crosser,True
Binzel2019data_gp/a068372.visnir.txt,68372,binzel,Q,Q,mars_crosser,True
Binzel2019data_gp/a068950.visnir.txt,68950,binzel,S,S,mars_crosser,True
Binzel2019data_gp/a085709.visnir.txt,85709,binzel,Sq,Sq,mars_crosser,True
Binzel2019data_gp/a085818.visnir.txt,85818,binzel,Sr,Sr,mars_crosser,True
Binzel2019data_gp/a085989.visnir.txt,85989,binzel,L,L,mars_crosser,True
Binzel2019data_gp/a085990.visnir.txt,85990,binzel,Sr,Sr,mars_crosser,True
Binzel2019data_gp/a086039.visnir.txt,86039,binzel,Q,Q,mars_crosser,True
Binzel2019data_gp/a086212.visnir.txt,86212,binzel,Sq,Sq,mars_crosser,True
Binzel2019data_gp/a087684.visnir.txt,87684,binzel,Sr,Sr,mars_crosser,True
Binzel2019data_gp/a088188.visnir.txt,88188,binzel,V,V,mars_crosser,True
Binzel2019data_gp/a088254.visnir.txt,88254,binzel,Q,Q,mars_crosser,True
Binzel2019data_gp/a088710.visnir.txt,88710,binzel,S,S,mars_crosser,True
Binzel2019data_gp/a096189.visnir.txt,96189,binzel,B,B,mars_crosser,True
Binzel2019data_gp/a096189.visnir_xth.txt,96189,binzel,B,B,mars_crosser,True
Binzel2019data_gp/a096590.visnir.txt,96590,binzel,Q,Q,mars_crosser,True
Binzel2019data_gp/a099799.visnir.txt,99799,binzel,Q,Q,mars_crosser,True
Binzel2019data_gp/a099942.visnir.txt,99942,binzel,Q,Q,mars_crosser,True
Binzel2019data_gp/a100926.visnir.txt,100926,binzel,S,S,mars_crosser,True
Binzel2019data_gp/a101955.visnir.txt,101955,binzel,B,B,mars_crosser,True
Binzel2019data_gp/a102528.visnir.txt,102528,binzel,Xk,Xk,mars_crosser,True
Binzel2019data_gp/a108519.visnir.txt,108519,binzel,C,C,mars_crosser,True
Binzel2019data_gp/a136617.visnir.txt,136617,binzel,Sq,Sq,mars_crosser,True
Binzel2019data_gp/a136923.visnir.txt,136923,binzel,S,S,mars_crosser,True
Binzel2019data_gp/a136993.visnir.txt,136993,binzel,Sr,Sr,mars_crosser,True
Binzel2019data_gp/a137032.visnir.txt,137032,binzel,Q,Q,mars_crosser,True
Binzel2019data_gp/a137126.visnir.txt,137126,binzel,S,S,mars_crosser,True
Binzel2019data_gp/a137170.visnir.txt,137170,binzel,L,L,mars_crosser,True
Binzel2019data_gp/a137199.visnir.txt,137199,binzel,Sq,Sq,mars_crosser,True
Binzel2019data_gp/a137799.visnir.txt,137799,binzel,S,S,mars_crosser,True
Binzel2019data_gp/a138404.visnir.txt,138404,binzel,S,S,mars_crosser,True
Binzel2019data_gp/a138524.visnir.txt,138524,binzel,Sr,Sr,mars_crosser,True
Binzel2019data_gp/a138852.visnir.txt,138852,binzel,Sq,Sq,mars_crosser,True
Binzel2019data_gp/a139622.visnir.txt,139622,binzel,Sq,Sq,mars_crosser,True
Binzel2019data_gp/a141018.visnir.txt,141018,binzel,S,S,mars_crosser,True
Binzel2019data_gp/a141052.visnir.txt,141052,binzel,K,K,mars_crosser,True
Binzel2019data_gp/a142040.visnir.txt,142040,binzel,Sq,Sq,mars_crosser,True
Binzel2019data_gp/a143381.visnir.txt,143381,binzel,S,S,mars_crosser,True
Binzel2019data_gp/a143624.visnir.txt,143624,binzel,B,B,mars_crosser,True
Binzel2019data_gp/a143651.visnir.txt,143651,binzel,Q,Q,mars_crosser,True
Binzel2019data_gp/a144411.visnir.txt,144411,binzel,C,C,mars_crosser,True
Binzel2019data_gp/a145656.visnir.txt,145656,binzel,D,D,mars_crosser,True
Binzel2019data_gp/a152931.visnir.txt,152931,binzel,Q,Q,mars_crosser,True
Binzel2019data_gp/a153591.visnir.txt,153591,binzel,Sq,Sq,mars_crosser,True
Binzel2019data_gp/a153591.visnir_xth.txt,153591,binzel,Sq,Sq,mars_crosser,True
Binzel2019data_gp/a153814.visnir.txt,153814,binzel,Sq,Sq,mars_crosser,True
Binzel2019data_gp/a154029.visnir.txt,154029,binzel,S,S,mars_crosser,True
Binzel2019data_gp/a154302.visnir.txt,154302,binzel,S,S,mars_crosser,True
Binzel2019data_gp/a154347.visnir.txt,154347,binzel,S,S,mars_crosser,True
Binzel2019data_gp/a155334.visnir.txt,155334,binzel,Q,Q,mars_crosser,True
Binzel2019data_gp/a159402.visnir.txt,159402,binzel,S,S,mars_crosser,True
Binzel2019data_gp/a161998.visnir.txt,161998,binzel,Q,Q,mars_crosser,True
Binzel2019data_gp/a162186.visnir.txt,162186,binzel,S,S,mars_crosser,True
Binzel2019data_gp/a162911.visnir.txt,162911,binzel,Q,Q,mars_crosser,True
Binzel2019data_gp/a163000.visnir.txt,163000,binzel,S,S,mars_crosser,True
Binzel2019data_gp/a163081.visnir.txt,163081,binzel,S,S,mars_crosser,True
Binzel2019data_gp/a163249.visnir.txt,163249,binzel,S,S,mars_crosser,True
Binzel2019data_gp/a163364.visnir.txt,163364,binzel,S,S,mars_crosser,True
Binzel2019data_gp/a163697.visnir.txt,163697,binzel,Q,Q,mars_crosser,True
Binzel2019data_gp/a164202.visnir.txt,164202,binzel,Xc,Xc,mars_crosser,True
Binzel2019data_gp/a170502.visnir.txt,170502,binzel,B,B,mars_crosser,True
Binzel2019data_gp/a170502.visnir_xth.txt,170502,binzel,B,B,mars_crosser,True
Binzel2019data_gp/a175706.visnir.txt,175706,binzel,C,C,mars_crosser,True
Binzel2019data_gp/a175706.visnir_xth.txt,175706,binzel,C,C,mars_crosser,True
Binzel2019data_gp/a189552.visnir.txt,189552,binzel,S,S,mars_crosser,True
Binzel2019data_gp/a192563.visnir.txt,192563,binzel,V,V,mars_crosser,True
Binzel2019data_gp/a200840.visnir.txt,200840,binzel,S,S,mars_crosser,True
Binzel2019data_gp/a214869.visnir.txt,214869,binzel,Sq,Sq,mars_crosser,True
Binzel2019data_gp/a217796.visnir.txt,217796,binzel,S,S,mars_crosser,True
Binzel2019data_gp/a217807.visnir.txt,217807,binzel,Sq,Sq,mars_crosser,True
Binzel2019data_gp/a219071.visnir.txt,219071,binzel,Q,Q,mars_crosser,True
Binzel2019data_gp/a236716.visnir.txt,236716,binzel,Sq,Sq,mars_crosser,True
Binzel2019data_gp/a241662.visnir.txt,241662,binzel,S,S,mars_crosser,True
Binzel2019data_gp/a242187.visnir.txt,242187,binzel,S,S,mars_crosser,True
Binzel2019data_gp/a253841.visnir.txt,253841,binzel,V,V,mars_crosser,True
Binzel2019data_gp/a267494.visnir.txt,267494,binzel,C,C,mars_crosser,True
Binzel2019data_gp/a283460.visnir.txt,283460,binzel,S,S,mars_crosser,True
Binzel2019data_gp/a285263.visnir.txt,285263,binzel,Ch,Ch,mars_crosser,True
Binzel2019data_gp/a285263.visnir_xth.txt,285263,binzel,Ch,Ch,mars_crosser,True
Binzel2019data_gp/a297418.visnir.txt,297418,binzel,V,V,mars_crosser,True
Binzel2019data_gp/a301964.visnir.txt,301964,binzel,C,C,mars_crosser,True
Binzel2019data_gp/a302311.visnir.txt,302311,binzel,S,S,mars_crosser,True
Binzel2019data_gp/a303174.visnir.txt,303174,binzel,S,S,mars_crosser,True
Binzel2019data_gp/a308635.visnir.txt,308635,binzel,C,C,mars_crosser,True
Binzel2019data_gp/a308635.visnir_xth.txt,308635,binzel,C,C,mars_crosser,True
Binzel2019data_gp/a310442.visnir.txt,310442,binzel,Sq,Sq,mars_crosser,True
Binzel2019data_gp/a312473.visnir.txt,312473,binzel,Cb,Cb,mars_crosser,True
Binzel2019data_gp/a326290.visnir.txt,326290,binzel,S,S,mars_crosser,True
Binzel2019data_gp/a329437.visnir.txt,329437,binzel,Q,Q,mars_crosser,True
Binzel2019data_gp/a341843.visnir.txt,341843,binzel,B,B,mars_crosser,True
Binzel2019data_gp/a345705.visnir.txt,345705,binzel,Q,Q,mars_crosser,True
Binzel2019data_gp/a350523.visnir.txt,350523,binzel,Sq,Sq,mars_crosser,True
Binzel2019data_gp/a354030.visnir.txt,354030,binzel,C,C,mars_crosser,True
Binzel2019data_gp/a363067.visnir.txt,363067,binzel,X,X,mars_crosser,True
Binzel2019data_gp/a365424.visnir.txt,365424,binzel,S,S,mars_crosser,True
Binzel2019data_gp/a399774.visnir.txt,399774,binzel,Sq,Sq,mars_crosser,True
Binzel2019data_gp/a405058.visnir.txt,405058,binzel,X,X,mars_crosser,True
Binzel2019data_gp/a413038.visnir.txt,413038,binzel,Sr,Sr,mars_crosser,True
Binzel2019data_gp/a414586.visnir.txt,414586,binzel,D,D,mars_crosser,True
Binzel2019data_gp/a416186.visnir.txt,416186,binzel,V,V,mars_crosser,True
Binzel2019data_gp/au2000WL63.visnir.txt,2000WL63,binzel,D,D,mars_crosser,True
Binzel2019data_gp/au2001SG286.visnir.txt,2001SG286,binzel,D,D,mars_crosser,True
Binzel2019data_gp/au2002AV.visnir.txt,2002AV,binzel,S,S,mars_crosser,True
Binzel2019data_gp/au2002NY40.visnir.txt,2002NY40,binzel,Q,Q,mars_crosser,True
Binzel2019data_gp/au2002TP69.visnir.txt,2002TP69,binzel,S,S,mars_crosser,True
Binzel2019data_gp/au2002VP69.visnir.txt,2002VP69,binzel,S,S,mars_crosser,True
Binzel2019data_gp/au2004QD3.visnir.txt,2004QD3,binzel,Ch,Ch,mars_crosser,True
Binzel2019data_gp/au2007RU17.visnir.txt,2007RU17,binzel,Q,Q,mars_crosser,True
Binzel2019data_gp/au2008QS11.visnir.txt,2008QS11,binzel,Xk,Xk,mars_crosser,True
